train_reg_loss_step,epoch,step,val_reg_loss,val_minADE,val_minFDE,val_minMR,train_reg_loss_epoch
2.639690637588501,0,49,,,,,
2.256924629211426,0,99,,,,,
1.579352617263794,0,149,,,,,
1.249794363975525,0,199,,,,,
1.159371018409729,0,249,,,,,
0.8491414189338684,0,299,,,,,
0.6974875926971436,0,349,,,,,
0.7395304441452026,0,399,,,,,
0.9962051510810852,0,449,,,,,
0.838452935218811,0,499,,,,,
0.6142188310623169,0,549,,,,,
0.7429354190826416,0,599,,,,,
0.6142509579658508,0,649,,,,,
0.7605463266372681,0,699,,,,,
0.5986186861991882,0,749,,,,,
,0,781,0.6572243571281433,7.153252124786377,17.848743438720703,0.9260666370391846,
,0,781,,,,,1.1698604822158813
0.565805971622467,1,799,,,,,
0.4068711996078491,1,849,,,,,
0.4168609082698822,1,899,,,,,
0.5812673568725586,1,949,,,,,
0.313407838344574,1,999,,,,,
0.5858336687088013,1,1049,,,,,
0.2016320824623108,1,1099,,,,,
0.4010174572467804,1,1149,,,,,
0.1429433822631836,1,1199,,,,,
0.364431768655777,1,1249,,,,,
0.5084359645843506,1,1299,,,,,
0.6013210415840149,1,1349,,,,,
0.3075379431247711,1,1399,,,,,
0.18778172135353088,1,1449,,,,,
0.3589668869972229,1,1499,,,,,
0.2120717167854309,1,1549,,,,,
,1,1563,0.26116976141929626,2.4718050956726074,5.741514682769775,0.5405333042144775,
,1,1563,,,,,0.36248779296875
0.22161749005317688,2,1599,,,,,
0.153722882270813,2,1649,,,,,
0.2817637622356415,2,1699,,,,,
0.10006558895111084,2,1749,,,,,
0.26943108439445496,2,1799,,,,,
0.3233029246330261,2,1849,,,,,
-0.03406485542654991,2,1899,,,,,
0.11310925334692001,2,1949,,,,,
0.19251181185245514,2,1999,,,,,
0.07782907038927078,2,2049,,,,,
0.29576024413108826,2,2099,,,,,
0.14502690732479095,2,2149,,,,,
-0.022148912772536278,2,2199,,,,,
0.11254175752401352,2,2249,,,,,
0.1675134301185608,2,2299,,,,,
,2,2345,0.15289682149887085,1.479101300239563,3.0530929565429688,0.35753333568573,
,2,2345,,,,,0.16493743658065796
0.22056668996810913,3,2349,,,,,
0.2543308734893799,3,2399,,,,,
0.16169175505638123,3,2449,,,,,
0.4288036525249481,3,2499,,,,,
-0.1388060450553894,3,2549,,,,,
0.12293503433465958,3,2599,,,,,
0.1193932592868805,3,2649,,,,,
0.336608350276947,3,2699,,,,,
0.1723921298980713,3,2749,,,,,
0.23447294533252716,3,2799,,,,,
0.08816680312156677,3,2849,,,,,
0.2834160327911377,3,2899,,,,,
0.015692174434661865,3,2949,,,,,
-0.16586875915527344,3,2999,,,,,
0.01151155773550272,3,3049,,,,,
0.08492597937583923,3,3099,,,,,
,3,3127,0.09210886806249619,1.188511610031128,2.3063409328460693,0.28333333134651184,
,3,3127,,,,,0.09421476721763611
0.07858102768659592,4,3149,,,,,
-0.1595567762851715,4,3199,,,,,
0.035935547202825546,4,3249,,,,,
0.08250734210014343,4,3299,,,,,
0.07320062071084976,4,3349,,,,,
0.19214433431625366,4,3399,,,,,
-0.0729556605219841,4,3449,,,,,
0.19439981877803802,4,3499,,,,,
-0.02452220395207405,4,3549,,,,,
0.03346138074994087,4,3599,,,,,
-0.06846779584884644,4,3649,,,,,
0.25735217332839966,4,3699,,,,,
0.07554897665977478,4,3749,,,,,
0.050344791263341904,4,3799,,,,,
0.09772038459777832,4,3849,,,,,
-0.09476334601640701,4,3899,,,,,
,4,3909,0.04549315199255943,1.0555627346038818,1.9437041282653809,0.23046666383743286,
,4,3909,,,,,0.05474705621600151
0.06469320505857468,5,3949,,,,,
0.26865294575691223,5,3999,,,,,
-0.07828547805547714,5,4049,,,,,
0.17542517185211182,5,4099,,,,,
0.2348593771457672,5,4149,,,,,
-0.09768956154584885,5,4199,,,,,
-0.21263515949249268,5,4249,,,,,
-0.07751196622848511,5,4299,,,,,
0.07627800107002258,5,4349,,,,,
0.10837692022323608,5,4399,,,,,
0.13348503410816193,5,4449,,,,,
-0.08754325658082962,5,4499,,,,,
-0.11426115781068802,5,4549,,,,,
-0.11932981014251709,5,4599,,,,,
-0.16035674512386322,5,4649,,,,,
,5,4691,0.03237193077802658,0.9906323552131653,1.7789301872253418,0.2078000009059906,
,5,4691,,,,,0.03130383417010307
-0.0854121521115303,6,4699,,,,,
0.1351509839296341,6,4749,,,,,
0.07211339473724365,6,4799,,,,,
0.09383125603199005,6,4849,,,,,
-0.08629747480154037,6,4899,,,,,
0.11053626239299774,6,4949,,,,,
0.16247358918190002,6,4999,,,,,
-0.13363619148731232,6,5049,,,,,
-0.08052534610033035,6,5099,,,,,
-0.03350912034511566,6,5149,,,,,
-0.03877273574471474,6,5199,,,,,
-0.07893027365207672,6,5249,,,,,
0.05610507354140282,6,5299,,,,,
-0.11599239706993103,6,5349,,,,,
-0.04401825740933418,6,5399,,,,,
-0.04738425463438034,6,5449,,,,,
,6,5473,0.027346331626176834,0.9537700414657593,1.6487150192260742,0.18753333389759064,
,6,5473,,,,,0.014624224044382572
0.05933348834514618,7,5499,,,,,
-0.06486663222312927,7,5549,,,,,
0.04053877666592598,7,5599,,,,,
-0.03820529207587242,7,5649,,,,,
-0.03368445485830307,7,5699,,,,,
-0.12742017209529877,7,5749,,,,,
-0.17434747517108917,7,5799,,,,,
0.17244741320610046,7,5849,,,,,
-0.08409272879362106,7,5899,,,,,
-0.025876982137560844,7,5949,,,,,
0.24189026653766632,7,5999,,,,,
0.09183460474014282,7,6049,,,,,
0.08625542372465134,7,6099,,,,,
0.03577311709523201,7,6149,,,,,
0.14444497227668762,7,6199,,,,,
-0.12953580915927887,7,6249,,,,,
,7,6255,0.016644736751914024,0.9627039432525635,1.6066169738769531,0.18746666610240936,
,7,6255,,,,,0.001415156526491046
-0.20930485427379608,8,6299,,,,,
-0.0007660893024876714,8,6349,,,,,
-0.1431981474161148,8,6399,,,,,
-0.2269175797700882,8,6449,,,,,
0.08488085120916367,8,6499,,,,,
-0.05297040194272995,8,6549,,,,,
0.08643815666437149,8,6599,,,,,
0.1693422794342041,8,6649,,,,,
-0.16801214218139648,8,6699,,,,,
-0.1704636812210083,8,6749,,,,,
0.10590881109237671,8,6799,,,,,
-0.0016153765609487891,8,6849,,,,,
0.11411742866039276,8,6899,,,,,
-0.12656205892562866,8,6949,,,,,
0.12961341440677643,8,6999,,,,,
,8,7037,0.024677369743585587,0.9447939991950989,1.58005952835083,0.17659999430179596,
,8,7037,,,,,-0.009501085616648197
0.020061399787664413,9,7049,,,,,
0.08031044900417328,9,7099,,,,,
0.22890052199363708,9,7149,,,,,
-0.191939577460289,9,7199,,,,,
-0.14394523203372955,9,7249,,,,,
-0.15027767419815063,9,7299,,,,,
-0.16476811468601227,9,7349,,,,,
0.07467454671859741,9,7399,,,,,
0.10207615792751312,9,7449,,,,,
0.053959671407938004,9,7499,,,,,
0.02890997938811779,9,7549,,,,,
-0.2799954116344452,9,7599,,,,,
-0.10307877510786057,9,7649,,,,,
-0.12147338688373566,9,7699,,,,,
0.10107004642486572,9,7749,,,,,
-0.027435094118118286,9,7799,,,,,
,9,7819,-0.008509823121130466,0.8981732130050659,1.5207624435424805,0.16953332722187042,
,9,7819,,,,,-0.023302778601646423
0.009973632171750069,10,7849,,,,,
0.061857279390096664,10,7899,,,,,
-0.08401338011026382,10,7949,,,,,
0.047170285135507584,10,7999,,,,,
0.06722508370876312,10,8049,,,,,
0.06558316946029663,10,8099,,,,,
-0.031855933368206024,10,8149,,,,,
0.06590618193149567,10,8199,,,,,
-0.24253197014331818,10,8249,,,,,
0.18988406658172607,10,8299,,,,,
-0.023968754336237907,10,8349,,,,,
0.040135707706213,10,8399,,,,,
0.05546001344919205,10,8449,,,,,
-0.006229272112250328,10,8499,,,,,
-0.14034166932106018,10,8549,,,,,
0.06051497533917427,10,8599,,,,,
,10,8601,0.014216435141861439,0.914651095867157,1.5384258031845093,0.18279999494552612,
,10,8601,,,,,-0.029597613960504532
-0.14347918331623077,11,8649,,,,,
-0.032044120132923126,11,8699,,,,,
-0.035092007368803024,11,8749,,,,,
-0.11891255527734756,11,8799,,,,,
0.07535789906978607,11,8849,,,,,
-0.16514398157596588,11,8899,,,,,
-0.024485182017087936,11,8949,,,,,
-0.25928452610969543,11,8999,,,,,
-0.056034401059150696,11,9049,,,,,
-0.10299401730298996,11,9099,,,,,
0.0803336352109909,11,9149,,,,,
-0.05146760120987892,11,9199,,,,,
-0.07050205767154694,11,9249,,,,,
-0.1454402059316635,11,9299,,,,,
-0.162867471575737,11,9349,,,,,
,11,9383,-0.009999341331422329,0.9077447056770325,1.513871431350708,0.17219999432563782,
,11,9383,,,,,-0.03902848809957504
0.054128553718328476,12,9399,,,,,
-0.08399239927530289,12,9449,,,,,
-0.26265057921409607,12,9499,,,,,
0.08276823908090591,12,9549,,,,,
-0.03890303894877434,12,9599,,,,,
-0.15897028148174286,12,9649,,,,,
0.03479861468076706,12,9699,,,,,
-0.07240530103445053,12,9749,,,,,
-0.16268594563007355,12,9799,,,,,
-0.08527379482984543,12,9849,,,,,
-0.059615377336740494,12,9899,,,,,
0.068854421377182,12,9949,,,,,
0.10739103704690933,12,9999,,,,,
-0.0014034450286999345,12,10049,,,,,
0.043146006762981415,12,10099,,,,,
-0.228716179728508,12,10149,,,,,
,12,10165,-0.04176747798919678,0.8910908102989197,1.4829214811325073,0.16840000450611115,
,12,10165,,,,,-0.047373879700899124
-0.1855970025062561,13,10199,,,,,
-0.1389220803976059,13,10249,,,,,
-0.13262368738651276,13,10299,,,,,
-0.059438928961753845,13,10349,,,,,
-0.30435049533843994,13,10399,,,,,
0.21251820027828217,13,10449,,,,,
-0.14533334970474243,13,10499,,,,,
0.26574814319610596,13,10549,,,,,
-0.246072456240654,13,10599,,,,,
-0.20694798231124878,13,10649,,,,,
-0.04989226162433624,13,10699,,,,,
0.08053476363420486,13,10749,,,,,
-0.09234169125556946,13,10799,,,,,
0.19281218945980072,13,10849,,,,,
0.025175705552101135,13,10899,,,,,
,13,10947,-0.04152180626988411,0.8886019587516785,1.4954901933670044,0.17053332924842834,
,13,10947,,,,,-0.05289958789944649
0.0812404677271843,14,10949,,,,,
0.07000064104795456,14,10999,,,,,
0.08518838882446289,14,11049,,,,,
0.07665145397186279,14,11099,,,,,
0.00041486346162855625,14,11149,,,,,
-0.11055862158536911,14,11199,,,,,
-0.00773147027939558,14,11249,,,,,
-0.23741470277309418,14,11299,,,,,
0.07816797494888306,14,11349,,,,,
0.0023321518674492836,14,11399,,,,,
-0.09062041342258453,14,11449,,,,,
-0.17508096992969513,14,11499,,,,,
-0.10323169082403183,14,11549,,,,,
-0.10678373277187347,14,11599,,,,,
-0.013751535676419735,14,11649,,,,,
0.04903050512075424,14,11699,,,,,
,14,11729,-0.05286932736635208,0.8746916651725769,1.451145887374878,0.1690666675567627,
,14,11729,,,,,-0.06061066314578056
-0.047387488186359406,15,11749,,,,,
-0.1656406819820404,15,11799,,,,,
-0.04885747283697128,15,11849,,,,,
-0.06405001133680344,15,11899,,,,,
-0.119163878262043,15,11949,,,,,
-0.03394085913896561,15,11999,,,,,
-0.31401771306991577,15,12049,,,,,
-0.06184609979391098,15,12099,,,,,
-0.20690327882766724,15,12149,,,,,
-0.19176921248435974,15,12199,,,,,
-0.23789967596530914,15,12249,,,,,
-0.05151146650314331,15,12299,,,,,
-0.05542685464024544,15,12349,,,,,
-0.3025397062301636,15,12399,,,,,
0.14002537727355957,15,12449,,,,,
-0.0034747752360999584,15,12499,,,,,
,15,12511,-0.056041549891233444,0.8728393316268921,1.4512391090393066,0.1698666661977768,
,15,12511,,,,,-0.06906025111675262
0.08703944087028503,16,12549,,,,,
0.0069564636796712875,16,12599,,,,,
0.03094939887523651,16,12649,,,,,
0.04548778757452965,16,12699,,,,,
-0.1289362907409668,16,12749,,,,,
-0.19777975976467133,16,12799,,,,,
-0.09301874041557312,16,12849,,,,,
0.08690188825130463,16,12899,,,,,
-0.14125382900238037,16,12949,,,,,
-0.18104836344718933,16,12999,,,,,
-0.006500891409814358,16,13049,,,,,
0.11042944341897964,16,13099,,,,,
-0.1139400526881218,16,13149,,,,,
0.04945607855916023,16,13199,,,,,
-0.22991803288459778,16,13249,,,,,
,16,13293,-0.055782243609428406,0.8859536647796631,1.449720025062561,0.17073333263397217,
,16,13293,,,,,-0.07452171295881271
0.06180761381983757,17,13299,,,,,
-0.14210176467895508,17,13349,,,,,
-0.051389630883932114,17,13399,,,,,
0.1137721836566925,17,13449,,,,,
-0.14986450970172882,17,13499,,,,,
-0.0965912863612175,17,13549,,,,,
-0.07884062081575394,17,13599,,,,,
0.06481258571147919,17,13649,,,,,
-0.11702663451433182,17,13699,,,,,
-0.11148934811353683,17,13749,,,,,
-0.05663802847266197,17,13799,,,,,
-0.20300140976905823,17,13849,,,,,
0.007322140038013458,17,13899,,,,,
-0.05994270741939545,17,13949,,,,,
0.006119075696915388,17,13999,,,,,
-0.12433265894651413,17,14049,,,,,
,17,14075,-0.06309769302606583,0.876289427280426,1.4583770036697388,0.17633333802223206,
,17,14075,,,,,-0.08073467016220093
-0.042684588581323624,18,14099,,,,,
-0.03551069274544716,18,14149,,,,,
-0.011753376573324203,18,14199,,,,,
-0.0959613248705864,18,14249,,,,,
-0.21975982189178467,18,14299,,,,,
-0.050637368112802505,18,14349,,,,,
-0.07218045741319656,18,14399,,,,,
-0.2744397222995758,18,14449,,,,,
0.04711438715457916,18,14499,,,,,
-0.1856147199869156,18,14549,,,,,
0.05242779105901718,18,14599,,,,,
0.1266392171382904,18,14649,,,,,
-0.09139209985733032,18,14699,,,,,
0.3208085000514984,18,14749,,,,,
-0.015292943455278873,18,14799,,,,,
0.06706631183624268,18,14849,,,,,
,18,14857,-0.07099480926990509,0.8479626178741455,1.3878474235534668,0.16513332724571228,
,18,14857,,,,,-0.08364342153072357
0.14076845347881317,19,14899,,,,,
-0.19109028577804565,19,14949,,,,,
-0.27444127202033997,19,14999,,,,,
-0.0698297768831253,19,15049,,,,,
-0.2779838442802429,19,15099,,,,,
-0.1477544903755188,19,15149,,,,,
-0.15239383280277252,19,15199,,,,,
-0.2105632871389389,19,15249,,,,,
-0.2819935977458954,19,15299,,,,,
-0.006242083851248026,19,15349,,,,,
-0.09533335268497467,19,15399,,,,,
0.07412999868392944,19,15449,,,,,
0.07080915570259094,19,15499,,,,,
0.05692684277892113,19,15549,,,,,
-0.25843074917793274,19,15599,,,,,
,19,15639,-0.07080826908349991,0.8459956645965576,1.394946575164795,0.1547333300113678,
,19,15639,,,,,-0.089963898062706
0.002404571510851383,20,15649,,,,,
-0.26245322823524475,20,15699,,,,,
0.13403205573558807,20,15749,,,,,
-0.1238284781575203,20,15799,,,,,
0.03055505082011223,20,15849,,,,,
0.10197722166776657,20,15899,,,,,
-0.18347850441932678,20,15949,,,,,
-0.014223983511328697,20,15999,,,,,
-0.17408932745456696,20,16049,,,,,
0.061498794704675674,20,16099,,,,,
-0.10900973528623581,20,16149,,,,,
-0.07157634943723679,20,16199,,,,,
-0.18011784553527832,20,16249,,,,,
-0.10300596803426743,20,16299,,,,,
0.08892880380153656,20,16349,,,,,
-0.12443564087152481,20,16399,,,,,
,20,16421,-0.08058429509401321,0.8438836336135864,1.3896126747131348,0.15960000455379486,
,20,16421,,,,,-0.089002825319767
-0.09649602323770523,21,16449,,,,,
0.1716463267803192,21,16499,,,,,
-0.07243727892637253,21,16549,,,,,
-0.372486412525177,21,16599,,,,,
-0.05409618094563484,21,16649,,,,,
-0.052377741783857346,21,16699,,,,,
-0.1650674194097519,21,16749,,,,,
-0.1326085478067398,21,16799,,,,,
-0.22317864000797272,21,16849,,,,,
-0.16765299439430237,21,16899,,,,,
-0.13595250248908997,21,16949,,,,,
-0.28902798891067505,21,16999,,,,,
-0.31292620301246643,21,17049,,,,,
0.2245582789182663,21,17099,,,,,
-0.25038596987724304,21,17149,,,,,
-0.1527598351240158,21,17199,,,,,
,21,17203,-0.08682496100664139,0.837992787361145,1.3757256269454956,0.15513333678245544,
,21,17203,,,,,-0.10058659315109253
-0.009588180109858513,22,17249,,,,,
-0.27988776564598083,22,17299,,,,,
-0.1160178855061531,22,17349,,,,,
-0.11820422857999802,22,17399,,,,,
0.11325591802597046,22,17449,,,,,
0.026863504201173782,22,17499,,,,,
-0.2282600700855255,22,17549,,,,,
0.021779315546154976,22,17599,,,,,
-0.22282718122005463,22,17649,,,,,
-0.21467718482017517,22,17699,,,,,
-0.18271279335021973,22,17749,,,,,
-0.1987771987915039,22,17799,,,,,
-0.1819448322057724,22,17849,,,,,
-0.051091067492961884,22,17899,,,,,
-0.13444286584854126,22,17949,,,,,
,22,17985,-0.10059365630149841,0.8392595052719116,1.3870983123779297,0.15626665949821472,
,22,17985,,,,,-0.1074252799153328
-0.12999935448169708,23,17999,,,,,
-0.16973739862442017,23,18049,,,,,
-0.07472463697195053,23,18099,,,,,
0.039809539914131165,23,18149,,,,,
-0.0793171152472496,23,18199,,,,,
0.022014908492565155,23,18249,,,,,
-0.32884377241134644,23,18299,,,,,
-0.27936115860939026,23,18349,,,,,
-0.064617820084095,23,18399,,,,,
-0.0649786964058876,23,18449,,,,,
-0.07912808656692505,23,18499,,,,,
-0.18684163689613342,23,18549,,,,,
-0.3859703242778778,23,18599,,,,,
-0.14606709778308868,23,18649,,,,,
-0.16766968369483948,23,18699,,,,,
-0.0787944346666336,23,18749,,,,,
,23,18767,-0.08899179846048355,0.8356689214706421,1.3808133602142334,0.15133333206176758,
,23,18767,,,,,-0.11074049770832062
-0.18129682540893555,24,18799,,,,,
-0.3540898263454437,24,18849,,,,,
0.012781314551830292,24,18899,,,,,
-0.07670339196920395,24,18949,,,,,
-0.20868341624736786,24,18999,,,,,
-0.06243203580379486,24,19049,,,,,
-0.27185556292533875,24,19099,,,,,
-0.10181973874568939,24,19149,,,,,
-0.16715018451213837,24,19199,,,,,
-0.29666051268577576,24,19249,,,,,
-0.04362425208091736,24,19299,,,,,
-0.1420322060585022,24,19349,,,,,
-0.1752072125673294,24,19399,,,,,
0.11407637596130371,24,19449,,,,,
-0.16033411026000977,24,19499,,,,,
0.1660556197166443,24,19549,,,,,
,24,19549,-0.0905090868473053,0.8353878259658813,1.361522912979126,0.1480666697025299,
,24,19549,,,,,-0.11333808302879333
-0.1640080213546753,25,19599,,,,,
0.04519788175821304,25,19649,,,,,
-0.08950664848089218,25,19699,,,,,
-0.29107847809791565,25,19749,,,,,
-0.004375944845378399,25,19799,,,,,
-0.2358703464269638,25,19849,,,,,
0.04324553906917572,25,19899,,,,,
-0.05995752662420273,25,19949,,,,,
-0.394906610250473,25,19999,,,,,
-0.17298553884029388,25,20049,,,,,
-0.11619661748409271,25,20099,,,,,
-0.018348507583141327,25,20149,,,,,
-0.060698624700307846,25,20199,,,,,
-0.11096265912055969,25,20249,,,,,
-0.02302101068198681,25,20299,,,,,
,25,20331,-0.10269241034984589,0.8280147910118103,1.3651397228240967,0.15080000460147858,
,25,20331,,,,,-0.11966738849878311
-0.038044318556785583,26,20349,,,,,
-0.15886834263801575,26,20399,,,,,
-0.15847931802272797,26,20449,,,,,
-0.1781085878610611,26,20499,,,,,
-0.3150380253791809,26,20549,,,,,
-0.03988653048872948,26,20599,,,,,
-0.15237215161323547,26,20649,,,,,
-0.002346960362046957,26,20699,,,,,
-0.2650967836380005,26,20749,,,,,
-0.09652955085039139,26,20799,,,,,
-0.23241400718688965,26,20849,,,,,
-0.09347858279943466,26,20899,,,,,
0.021507155150175095,26,20949,,,,,
-0.11147690564393997,26,20999,,,,,
-0.09222819656133652,26,21049,,,,,
-0.12456599622964859,26,21099,,,,,
,26,21113,-0.10487337410449982,0.8347196578979492,1.3777084350585938,0.1597999930381775,
,26,21113,,,,,-0.12224957346916199
-0.08721524477005005,27,21149,,,,,
-0.10389266908168793,27,21199,,,,,
-0.17222149670124054,27,21249,,,,,
-0.03855210170149803,27,21299,,,,,
-0.012239763513207436,27,21349,,,,,
-0.06749039888381958,27,21399,,,,,
-0.03204033151268959,27,21449,,,,,
-0.1581445336341858,27,21499,,,,,
-0.2063036412000656,27,21549,,,,,
-0.20998333394527435,27,21599,,,,,
0.03604051098227501,27,21649,,,,,
-0.08972212672233582,27,21699,,,,,
-0.017685985192656517,27,21749,,,,,
0.04947059229016304,27,21799,,,,,
-0.2279176265001297,27,21849,,,,,
,27,21895,-0.09220937639474869,0.8539555072784424,1.4070937633514404,0.164000004529953,
,27,21895,,,,,-0.12588249146938324
-0.06351562589406967,28,21899,,,,,
-0.08474308252334595,28,21949,,,,,
-0.13840284943580627,28,21999,,,,,
-0.08141521364450455,28,22049,,,,,
-0.07357406616210938,28,22099,,,,,
-0.07044904679059982,28,22149,,,,,
-0.05989791080355644,28,22199,,,,,
-0.16386480629444122,28,22249,,,,,
-0.070133738219738,28,22299,,,,,
-0.08003903180360794,28,22349,,,,,
-0.2314307689666748,28,22399,,,,,
-0.15175886452198029,28,22449,,,,,
-0.299591064453125,28,22499,,,,,
-0.10587937384843826,28,22549,,,,,
-0.13224250078201294,28,22599,,,,,
-0.0008481948170810938,28,22649,,,,,
,28,22677,-0.1056717187166214,0.8252154588699341,1.352259635925293,0.15639999508857727,
,28,22677,,,,,-0.12846095860004425
-0.0771772488951683,29,22699,,,,,
-0.26454681158065796,29,22749,,,,,
-0.2129252552986145,29,22799,,,,,
-0.2378101348876953,29,22849,,,,,
-0.10138438642024994,29,22899,,,,,
-0.04134628176689148,29,22949,,,,,
-0.1674412190914154,29,22999,,,,,
-0.23973898589611053,29,23049,,,,,
-0.22270962595939636,29,23099,,,,,
0.02041412517428398,29,23149,,,,,
-0.15432386100292206,29,23199,,,,,
-0.24066472053527832,29,23249,,,,,
-0.2151835709810257,29,23299,,,,,
-0.15083889663219452,29,23349,,,,,
-0.02537727542221546,29,23399,,,,,
-0.26440751552581787,29,23449,,,,,
,29,23459,-0.11921167373657227,0.8224942684173584,1.3179582357406616,0.1444000005722046,
,29,23459,,,,,-0.134214386343956
-0.18290255963802338,30,23499,,,,,
0.06656041741371155,30,23549,,,,,
-0.1036939024925232,30,23599,,,,,
-0.12786176800727844,30,23649,,,,,
-0.05419107526540756,30,23699,,,,,
-0.18004316091537476,30,23749,,,,,
-0.2703491151332855,30,23799,,,,,
-0.1269637495279312,30,23849,,,,,
0.07713904976844788,30,23899,,,,,
-0.32872259616851807,30,23949,,,,,
-0.0634380429983139,30,23999,,,,,
-0.2695105969905853,30,24049,,,,,
-0.07782146334648132,30,24099,,,,,
-0.29187649488449097,30,24149,,,,,
-0.11053687334060669,30,24199,,,,,
,30,24241,-0.11757553368806839,0.8167381286621094,1.3454335927963257,0.14906667172908783,
,30,24241,,,,,-0.13767261803150177
0.09597793966531754,31,24249,,,,,
-0.07927892357110977,31,24299,,,,,
-0.05211527645587921,31,24349,,,,,
-0.06004881486296654,31,24399,,,,,
-0.16935519874095917,31,24449,,,,,
-0.07500337809324265,31,24499,,,,,
-0.10183031111955643,31,24549,,,,,
-0.29280364513397217,31,24599,,,,,
-0.003157319501042366,31,24649,,,,,
-0.1482301652431488,31,24699,,,,,
-0.26651641726493835,31,24749,,,,,
-0.123353011906147,31,24799,,,,,
-0.2761055529117584,31,24849,,,,,
-0.14093254506587982,31,24899,,,,,
-0.16366595029830933,31,24949,,,,,
-0.03473127260804176,31,24999,,,,,
,31,25023,-0.11280618607997894,0.8257617354393005,1.348948359489441,0.15113332867622375,
,31,25023,,,,,-0.14191028475761414
-0.3701328635215759,32,25049,,,,,
-0.05651635304093361,32,25099,,,,,
-0.23695555329322815,32,25149,,,,,
-0.255653977394104,32,25199,,,,,
-0.29169872403144836,32,25249,,,,,
0.011474230326712132,32,25299,,,,,
-0.12645164132118225,32,25349,,,,,
-0.2948247492313385,32,25399,,,,,
-0.12612880766391754,32,25449,,,,,
-0.06239577755331993,32,25499,,,,,
-0.186655193567276,32,25549,,,,,
-0.061445318162441254,32,25599,,,,,
-0.2569062411785126,32,25649,,,,,
-0.2652759253978729,32,25699,,,,,
-0.15252423286437988,32,25749,,,,,
-0.08912236988544464,32,25799,,,,,
,32,25805,-0.1319788694381714,0.8071524500846863,1.3126369714736938,0.1496666669845581,
,32,25805,,,,,-0.1450362205505371
-0.1539514660835266,33,25849,,,,,
-0.25447264313697815,33,25899,,,,,
-0.13964387774467468,33,25949,,,,,
-0.2833248972892761,33,25999,,,,,
-0.057114314287900925,33,26049,,,,,
-0.06715163588523865,33,26099,,,,,
-0.02173756994307041,33,26149,,,,,
-0.3987720310688019,33,26199,,,,,
-0.13803914189338684,33,26249,,,,,
-0.08768165856599808,33,26299,,,,,
-0.26795780658721924,33,26349,,,,,
-0.15537793934345245,33,26399,,,,,
-0.14213815331459045,33,26449,,,,,
-0.08971132338047028,33,26499,,,,,
-0.093878373503685,33,26549,,,,,
,33,26587,-0.13161712884902954,0.8109168410301208,1.3183962106704712,0.1459333300590515,
,33,26587,,,,,-0.14759793877601624
-0.18251334130764008,34,26599,,,,,
-0.07402253895998001,34,26649,,,,,
-0.047594018280506134,34,26699,,,,,
0.11010247468948364,34,26749,,,,,
0.07562979310750961,34,26799,,,,,
-0.13826769590377808,34,26849,,,,,
-0.00776485214009881,34,26899,,,,,
0.04100055992603302,34,26949,,,,,
-0.08222486823797226,34,26999,,,,,
-0.15545113384723663,34,27049,,,,,
-0.2323969304561615,34,27099,,,,,
-0.07862665504217148,34,27149,,,,,
-0.1867314577102661,34,27199,,,,,
-0.16628976166248322,34,27249,,,,,
-0.3475470244884491,34,27299,,,,,
-0.0649874284863472,34,27349,,,,,
,34,27369,-0.12646669149398804,0.8170966506004333,1.3313887119293213,0.15173333883285522,
,34,27369,,,,,-0.15103930234909058
-0.014443786814808846,35,27399,,,,,
-0.2991432249546051,35,27449,,,,,
-0.1798158884048462,35,27499,,,,,
-0.09014300256967545,35,27549,,,,,
-0.10427656769752502,35,27599,,,,,
-0.055880919098854065,35,27649,,,,,
0.16381917893886566,35,27699,,,,,
-0.16540996730327606,35,27749,,,,,
-0.18661220371723175,35,27799,,,,,
-0.05464467033743858,35,27849,,,,,
0.0058632888831198215,35,27899,,,,,
-0.16535167396068573,35,27949,,,,,
-0.046034667640924454,35,27999,,,,,
-0.17620964348316193,35,28049,,,,,
-0.1284455507993698,35,28099,,,,,
-0.030898576602339745,35,28149,,,,,
,35,28151,-0.12229547649621964,0.8107835054397583,1.317213535308838,0.14653334021568298,
,35,28151,,,,,-0.15449227392673492
-0.24976103007793427,36,28199,,,,,
-0.1969999372959137,36,28249,,,,,
-0.2103651463985443,36,28299,,,,,
-0.2081802636384964,36,28349,,,,,
-0.17649966478347778,36,28399,,,,,
-0.1090773418545723,36,28449,,,,,
-0.06302805989980698,36,28499,,,,,
-0.07462644577026367,36,28549,,,,,
-0.19252124428749084,36,28599,,,,,
-0.11580643802881241,36,28649,,,,,
0.0050829509273171425,36,28699,,,,,
-0.20816326141357422,36,28749,,,,,
-0.1536363810300827,36,28799,,,,,
-0.1638312190771103,36,28849,,,,,
0.015436395071446896,36,28899,,,,,
,36,28933,-0.14324899017810822,0.7962766885757446,1.2979737520217896,0.1449333280324936,
,36,28933,,,,,-0.15800081193447113
-0.42689260840415955,37,28949,,,,,
-0.013240463100373745,37,28999,,,,,
-0.1838483363389969,37,29049,,,,,
-0.3525348901748657,37,29099,,,,,
0.043283794075250626,37,29149,,,,,
-0.05943994224071503,37,29199,,,,,
-0.08721949905157089,37,29249,,,,,
-0.054070692509412766,37,29299,,,,,
-0.05239404737949371,37,29349,,,,,
-0.15216094255447388,37,29399,,,,,
-0.11308354884386063,37,29449,,,,,
-0.042338140308856964,37,29499,,,,,
-0.10410001873970032,37,29549,,,,,
-0.05197945237159729,37,29599,,,,,
-0.41322001814842224,37,29649,,,,,
-0.07993332296609879,37,29699,,,,,
,37,29715,-0.1347426027059555,0.8012808561325073,1.3003511428833008,0.1444000005722046,
,37,29715,,,,,-0.16098813712596893
-0.062203194946050644,38,29749,,,,,
-0.6065735220909119,38,29799,,,,,
-0.24428687989711761,38,29849,,,,,
-0.10890290886163712,38,29899,,,,,
-0.18903052806854248,38,29949,,,,,
-0.0567314550280571,38,29999,,,,,
0.15874077379703522,38,30049,,,,,
-0.13002529740333557,38,30099,,,,,
-0.25656571984291077,38,30149,,,,,
-0.2881025969982147,38,30199,,,,,
-0.19083312153816223,38,30249,,,,,
-0.1278587430715561,38,30299,,,,,
0.08640182018280029,38,30349,,,,,
-0.009778059087693691,38,30399,,,,,
-0.3111473023891449,38,30449,,,,,
,38,30497,-0.13708510994911194,0.8111419081687927,1.3143216371536255,0.1501999944448471,
,38,30497,,,,,-0.16172049939632416
-0.3649236559867859,39,30499,,,,,
-0.20900976657867432,39,30549,,,,,
-0.21206256747245789,39,30599,,,,,
-0.22102007269859314,39,30649,,,,,
-0.18535278737545013,39,30699,,,,,
-0.29004454612731934,39,30749,,,,,
-0.06017217040061951,39,30799,,,,,
-0.15131761133670807,39,30849,,,,,
-0.26377516984939575,39,30899,,,,,
-0.14517420530319214,39,30949,,,,,
-0.18896593153476715,39,30999,,,,,
-0.12750744819641113,39,31049,,,,,
-0.05633276328444481,39,31099,,,,,
-0.06289224326610565,39,31149,,,,,
-0.4041186571121216,39,31199,,,,,
-0.15053614974021912,39,31249,,,,,
,39,31279,-0.14576029777526855,0.7901485562324524,1.2811017036437988,0.14346666634082794,
,39,31279,,,,,-0.16628971695899963
-0.17610111832618713,40,31299,,,,,
-0.04937785491347313,40,31349,,,,,
-0.18566524982452393,40,31399,,,,,
-0.23637227714061737,40,31449,,,,,
-0.026448402553796768,40,31499,,,,,
-0.22730782628059387,40,31549,,,,,
-0.25716233253479004,40,31599,,,,,
-0.2946607768535614,40,31649,,,,,
-0.1147066056728363,40,31699,,,,,
-0.193724125623703,40,31749,,,,,
0.011252038180828094,40,31799,,,,,
-0.3778149485588074,40,31849,,,,,
-0.1646343469619751,40,31899,,,,,
-0.1478365957736969,40,31949,,,,,
-0.2777236998081207,40,31999,,,,,
-0.31536462903022766,40,32049,,,,,
,40,32061,-0.14222507178783417,0.7984185814857483,1.2960270643234253,0.14533333480358124,
,40,32061,,,,,-0.16713707149028778
-0.14018763601779938,41,32099,,,,,
-0.21207617223262787,41,32149,,,,,
-0.29402846097946167,41,32199,,,,,
-0.21995161473751068,41,32249,,,,,
0.12558944523334503,41,32299,,,,,
-0.14387257397174835,41,32349,,,,,
-0.10457322746515274,41,32399,,,,,
-0.29401278495788574,41,32449,,,,,
-0.45968878269195557,41,32499,,,,,
-0.285230815410614,41,32549,,,,,
-0.024174746125936508,41,32599,,,,,
-0.07132977992296219,41,32649,,,,,
0.058331720530986786,41,32699,,,,,
-0.012256048619747162,41,32749,,,,,
-0.1937626451253891,41,32799,,,,,
,41,32843,-0.149861678481102,0.7918580174446106,1.272635579109192,0.14246666431427002,
,41,32843,,,,,-0.16980554163455963
-0.04423776641488075,42,32849,,,,,
-0.05817783996462822,42,32899,,,,,
-0.34846076369285583,42,32949,,,,,
-0.42839503288269043,42,32999,,,,,
-0.020018430426716805,42,33049,,,,,
-0.2508676052093506,42,33099,,,,,
-0.14608560502529144,42,33149,,,,,
-0.3032650351524353,42,33199,,,,,
-0.3370465934276581,42,33249,,,,,
-0.06978597491979599,42,33299,,,,,
-0.0995807871222496,42,33349,,,,,
-0.35482102632522583,42,33399,,,,,
-0.2994297444820404,42,33449,,,,,
0.05454442650079727,42,33499,,,,,
0.0469680093228817,42,33549,,,,,
-0.13952165842056274,42,33599,,,,,
,42,33625,-0.14362995326519012,0.793779194355011,1.275431752204895,0.1449333280324936,
,42,33625,,,,,-0.1754843145608902
-0.07645636051893234,43,33649,,,,,
-0.31709545850753784,43,33699,,,,,
-0.10219120979309082,43,33749,,,,,
-0.46468645334243774,43,33799,,,,,
-0.07405885308980942,43,33849,,,,,
-0.23478645086288452,43,33899,,,,,
0.11226724833250046,43,33949,,,,,
0.027084283530712128,43,33999,,,,,
-0.08884639292955399,43,34049,,,,,
-0.09270034730434418,43,34099,,,,,
-0.24184203147888184,43,34149,,,,,
-0.1835450679063797,43,34199,,,,,
-0.12554316222667694,43,34249,,,,,
-0.13572923839092255,43,34299,,,,,
-0.42027339339256287,43,34349,,,,,
-0.21758076548576355,43,34399,,,,,
,43,34407,-0.1514596790075302,0.7885152697563171,1.2696090936660767,0.14053332805633545,
,43,34407,,,,,-0.1761331707239151
-0.17727011442184448,44,34449,,,,,
-0.11254625022411346,44,34499,,,,,
-0.1786392480134964,44,34549,,,,,
-0.1254410445690155,44,34599,,,,,
-0.04366762563586235,44,34649,,,,,
0.0014118986437097192,44,34699,,,,,
-0.3630330264568329,44,34749,,,,,
-0.23348873853683472,44,34799,,,,,
-0.3010450005531311,44,34849,,,,,
-0.2219589650630951,44,34899,,,,,
-0.08193808048963547,44,34949,,,,,
-0.3334137499332428,44,34999,,,,,
-0.12153521925210953,44,35049,,,,,
-0.07967378199100494,44,35099,,,,,
-0.43067947030067444,44,35149,,,,,
,44,35189,-0.15436556935310364,0.7924790978431702,1.2736867666244507,0.14000000059604645,
,44,35189,,,,,-0.17868633568286896
-0.1798468679189682,45,35199,,,,,
-0.24581706523895264,45,35249,,,,,
-0.14824362099170685,45,35299,,,,,
-0.10011499375104904,45,35349,,,,,
-0.2049090713262558,45,35399,,,,,
0.005534040275961161,45,35449,,,,,
-0.06053202599287033,45,35499,,,,,
-0.30633825063705444,45,35549,,,,,
-0.21730220317840576,45,35599,,,,,
-0.18932615220546722,45,35649,,,,,
-0.19226107001304626,45,35699,,,,,
-0.02717534638941288,45,35749,,,,,
-0.23703987896442413,45,35799,,,,,
-0.12916302680969238,45,35849,,,,,
-0.03347105532884598,45,35899,,,,,
-0.032703693956136703,45,35949,,,,,
,45,35971,-0.14780914783477783,0.790179967880249,1.2758002281188965,0.14313332736492157,
,45,35971,,,,,-0.18033011257648468
-0.21586380898952484,46,35999,,,,,
-0.5063245296478271,46,36049,,,,,
-0.3028271496295929,46,36099,,,,,
-0.11614452302455902,46,36149,,,,,
0.013025392778217793,46,36199,,,,,
-0.32737997174263,46,36249,,,,,
-0.139078289270401,46,36299,,,,,
-0.1356397122144699,46,36349,,,,,
-0.3856053650379181,46,36399,,,,,
-0.003516827244311571,46,36449,,,,,
-0.030647121369838715,46,36499,,,,,
0.08060143142938614,46,36549,,,,,
0.035586148500442505,46,36599,,,,,
-0.20396390557289124,46,36649,,,,,
-0.27877822518348694,46,36699,,,,,
0.10928936302661896,46,36749,,,,,
,46,36753,-0.15863527357578278,0.7889510989189148,1.2612969875335693,0.14033333957195282,
,46,36753,,,,,-0.18161605298519135
-0.218035489320755,47,36799,,,,,
-0.3741006553173065,47,36849,,,,,
-0.22719328105449677,47,36899,,,,,
-0.19694413244724274,47,36949,,,,,
-0.20584827661514282,47,36999,,,,,
-0.3100045621395111,47,37049,,,,,
-0.277603417634964,47,37099,,,,,
-0.10855329781770706,47,37149,,,,,
-0.10416635870933533,47,37199,,,,,
-0.020106153562664986,47,37249,,,,,
-0.22189362347126007,47,37299,,,,,
-0.27911388874053955,47,37349,,,,,
-0.09267091751098633,47,37399,,,,,
-0.06343957781791687,47,37449,,,,,
-0.18247374892234802,47,37499,,,,,
,47,37535,-0.15618562698364258,0.7913814187049866,1.285739541053772,0.1454666703939438,
,47,37535,,,,,-0.18468476831912994
-0.2654385566711426,48,37549,,,,,
-0.21382535994052887,48,37599,,,,,
-0.26309430599212646,48,37649,,,,,
-0.12811042368412018,48,37699,,,,,
-0.0222280602902174,48,37749,,,,,
-0.039244476705789566,48,37799,,,,,
-0.21335867047309875,48,37849,,,,,
-0.30535364151000977,48,37899,,,,,
-0.3639999032020569,48,37949,,,,,
-0.24616563320159912,48,37999,,,,,
-0.16860312223434448,48,38049,,,,,
-0.17840830981731415,48,38099,,,,,
-0.21448056399822235,48,38149,,,,,
-0.22392554581165314,48,38199,,,,,
-0.08735161274671555,48,38249,,,,,
0.03996036946773529,48,38299,,,,,
,48,38317,-0.16113823652267456,0.7863094806671143,1.2698681354522705,0.1404000073671341,
,48,38317,,,,,-0.1864606887102127
-0.0910433977842331,49,38349,,,,,
-0.25153976678848267,49,38399,,,,,
-0.09288850426673889,49,38449,,,,,
-0.22783994674682617,49,38499,,,,,
-0.36560285091400146,49,38549,,,,,
-0.17222410440444946,49,38599,,,,,
-0.10472240298986435,49,38649,,,,,
-0.07732784003019333,49,38699,,,,,
-0.4097152352333069,49,38749,,,,,
-0.0609663762152195,49,38799,,,,,
-0.18720515072345734,49,38849,,,,,
-0.21599622070789337,49,38899,,,,,
-0.031861890107393265,49,38949,,,,,
-0.20687484741210938,49,38999,,,,,
-0.1348492056131363,49,39049,,,,,
-0.5226406455039978,49,39099,,,,,
,49,39099,-0.16128361225128174,0.7846269607543945,1.2599331140518188,0.1390666663646698,
,49,39099,,,,,-0.18906353414058685
-0.2416466921567917,50,39149,,,,,
-0.3509241044521332,50,39199,,,,,
-0.18189437687397003,50,39249,,,,,
-0.12337028235197067,50,39299,,,,,
-0.07960782200098038,50,39349,,,,,
-0.39960813522338867,50,39399,,,,,
-0.2404286116361618,50,39449,,,,,
-0.1150408461689949,50,39499,,,,,
-0.06491792947053909,50,39549,,,,,
-0.28949761390686035,50,39599,,,,,
-0.27999240159988403,50,39649,,,,,
-0.13669203221797943,50,39699,,,,,
-0.17881202697753906,50,39749,,,,,
-0.23814336955547333,50,39799,,,,,
-0.18149566650390625,50,39849,,,,,
,50,39881,-0.1638796329498291,0.7834968566894531,1.2597200870513916,0.13840000331401825,
,50,39881,,,,,-0.19052237272262573
-0.2793499529361725,51,39899,,,,,
-0.23367741703987122,51,39949,,,,,
-0.09771747887134552,51,39999,,,,,
-0.5487926006317139,51,40049,,,,,
-0.17437700927257538,51,40099,,,,,
-0.2629741430282593,51,40149,,,,,
-0.13768799602985382,51,40199,,,,,
-0.4180211126804352,51,40249,,,,,
-0.2998417615890503,51,40299,,,,,
-0.15477614104747772,51,40349,,,,,
-0.22494354844093323,51,40399,,,,,
-0.15227816998958588,51,40449,,,,,
-0.19098259508609772,51,40499,,,,,
-0.2264682650566101,51,40549,,,,,
-0.04452190548181534,51,40599,,,,,
-0.22167178988456726,51,40649,,,,,
,51,40663,-0.1627727895975113,0.781807541847229,1.2602356672286987,0.13953332602977753,
,51,40663,,,,,-0.19192427396774292
-0.20737458765506744,52,40699,,,,,
-0.09386476129293442,52,40749,,,,,
-0.2579914927482605,52,40799,,,,,
-0.1054757684469223,52,40849,,,,,
-0.12384463846683502,52,40899,,,,,
-0.13988108932971954,52,40949,,,,,
-0.11950534582138062,52,40999,,,,,
-0.45833808183670044,52,41049,,,,,
-0.016181109473109245,52,41099,,,,,
-0.14324863255023956,52,41149,,,,,
-0.44965505599975586,52,41199,,,,,
-0.23798543214797974,52,41249,,,,,
-0.2859281599521637,52,41299,,,,,
-0.04591711238026619,52,41349,,,,,
-0.1633230745792389,52,41399,,,,,
,52,41445,-0.1654827743768692,0.782574474811554,1.2553157806396484,0.1369333267211914,
,52,41445,,,,,-0.19233395159244537
0.011699648573994637,53,41449,,,,,
-0.33116504549980164,53,41499,,,,,
-0.24613602459430695,53,41549,,,,,
-0.14634622633457184,53,41599,,,,,
-0.12262043356895447,53,41649,,,,,
-0.16605056822299957,53,41699,,,,,
0.09499838203191757,53,41749,,,,,
-0.14322248101234436,53,41799,,,,,
-0.16641052067279816,53,41849,,,,,
-0.07959529757499695,53,41899,,,,,
-0.25355812907218933,53,41949,,,,,
-0.04206892475485802,53,41999,,,,,
-0.0252065509557724,53,42049,,,,,
-0.28733232617378235,53,42099,,,,,
-0.03964845463633537,53,42149,,,,,
-0.17004750669002533,53,42199,,,,,
,53,42227,-0.1644667387008667,0.7792508006095886,1.253962755203247,0.14193333685398102,
,53,42227,,,,,-0.19438645243644714
-0.41487938165664673,54,42249,,,,,
-0.23154261708259583,54,42299,,,,,
-0.22397123277187347,54,42349,,,,,
-0.12705335021018982,54,42399,,,,,
-0.09871011972427368,54,42449,,,,,
-0.13487136363983154,54,42499,,,,,
-0.3519127368927002,54,42549,,,,,
-0.31503137946128845,54,42599,,,,,
-0.4189389944076538,54,42649,,,,,
-0.1659165769815445,54,42699,,,,,
-0.23678946495056152,54,42749,,,,,
-0.2042255997657776,54,42799,,,,,
-0.34208476543426514,54,42849,,,,,
-0.06260634958744049,54,42899,,,,,
-0.22125005722045898,54,42949,,,,,
-0.5219268202781677,54,42999,,,,,
,54,43009,-0.16942276060581207,0.7747092843055725,1.245787262916565,0.13846667110919952,
,54,43009,,,,,-0.19608400762081146
-0.27778202295303345,55,43049,,,,,
-0.2044719010591507,55,43099,,,,,
-0.3203233778476715,55,43149,,,,,
-0.08342456817626953,55,43199,,,,,
-0.1356269270181656,55,43249,,,,,
-0.1219867616891861,55,43299,,,,,
-0.12015819549560547,55,43349,,,,,
-0.3259434103965759,55,43399,,,,,
-0.23237094283103943,55,43449,,,,,
-0.17861613631248474,55,43499,,,,,
-0.18800269067287445,55,43549,,,,,
-0.02341242879629135,55,43599,,,,,
-0.38969042897224426,55,43649,,,,,
-0.15048496425151825,55,43699,,,,,
-0.2154974341392517,55,43749,,,,,
,55,43791,-0.16957604885101318,0.7788676619529724,1.2517979145050049,0.1393333375453949,
,55,43791,,,,,-0.19663584232330322
-0.3104405999183655,56,43799,,,,,
-0.18069277703762054,56,43849,,,,,
-0.08249890059232712,56,43899,,,,,
-0.22442761063575745,56,43949,,,,,
0.17607541382312775,56,43999,,,,,
-0.09072662144899368,56,44049,,,,,
-0.03794453293085098,56,44099,,,,,
-0.358020156621933,56,44149,,,,,
-0.2767026126384735,56,44199,,,,,
-0.15078215301036835,56,44249,,,,,
-0.09622076153755188,56,44299,,,,,
-0.05367022007703781,56,44349,,,,,
-0.04342817887663841,56,44399,,,,,
-0.12619152665138245,56,44449,,,,,
-0.15658098459243774,56,44499,,,,,
-0.15891528129577637,56,44549,,,,,
,56,44573,-0.17044730484485626,0.7756812572479248,1.236584186553955,0.13733333349227905,
,56,44573,,,,,-0.19679546356201172
-0.11976717412471771,57,44599,,,,,
-0.2939246594905853,57,44649,,,,,
-0.08681464940309525,57,44699,,,,,
-0.07911746948957443,57,44749,,,,,
-0.15175431966781616,57,44799,,,,,
0.09157050400972366,57,44849,,,,,
-0.10475865751504898,57,44899,,,,,
-0.18932099640369415,57,44949,,,,,
-0.1677812933921814,57,44999,,,,,
-0.23183588683605194,57,45049,,,,,
-0.2600517272949219,57,45099,,,,,
-0.35083797574043274,57,45149,,,,,
-0.0673750638961792,57,45199,,,,,
-0.15427906811237335,57,45249,,,,,
-0.15987415611743927,57,45299,,,,,
-0.254189670085907,57,45349,,,,,
,57,45355,-0.17133451998233795,0.7742819786071777,1.2427971363067627,0.13993333280086517,
,57,45355,,,,,-0.19967876374721527
-0.23791620135307312,58,45399,,,,,
-0.3164113461971283,58,45449,,,,,
-0.1484977900981903,58,45499,,,,,
-0.031466562300920486,58,45549,,,,,
-0.1929999589920044,58,45599,,,,,
-0.365662157535553,58,45649,,,,,
-0.20797814428806305,58,45699,,,,,
-0.2268451303243637,58,45749,,,,,
-0.26103201508522034,58,45799,,,,,
-0.2207622528076172,58,45849,,,,,
-0.08077570050954819,58,45899,,,,,
-0.25313153862953186,58,45949,,,,,
-0.15736690163612366,58,45999,,,,,
-0.23164665699005127,58,46049,,,,,
-0.25311946868896484,58,46099,,,,,
,58,46137,-0.17103254795074463,0.7786229252815247,1.2492934465408325,0.14053332805633545,
,58,46137,,,,,-0.19895412027835846
0.017302658408880234,59,46149,,,,,
-0.1417291760444641,59,46199,,,,,
-0.28451019525527954,59,46249,,,,,
-0.25289472937583923,59,46299,,,,,
-0.14284932613372803,59,46349,,,,,
-0.20890972018241882,59,46399,,,,,
-0.1075705960392952,59,46449,,,,,
-0.07843463867902756,59,46499,,,,,
-0.1777048259973526,59,46549,,,,,
-0.06625989079475403,59,46599,,,,,
-0.00024840401601977646,59,46649,,,,,
-0.0824701264500618,59,46699,,,,,
-0.1439231038093567,59,46749,,,,,
-0.3416502773761749,59,46799,,,,,
-0.14598983526229858,59,46849,,,,,
-0.19359439611434937,59,46899,,,,,
,59,46919,-0.17097459733486176,0.7752566337585449,1.2450157403945923,0.13833333551883698,
,59,46919,,,,,-0.20013545453548431
-0.22847279906272888,60,46949,,,,,
-0.09487507492303848,60,46999,,,,,
-0.2742033302783966,60,47049,,,,,
-0.18659648299217224,60,47099,,,,,
-0.2520134747028351,60,47149,,,,,
-0.10917943716049194,60,47199,,,,,
-0.3660909831523895,60,47249,,,,,
-0.34895312786102295,60,47299,,,,,
-0.3578435480594635,60,47349,,,,,
-0.1854134052991867,60,47399,,,,,
-0.3457006812095642,60,47449,,,,,
-0.1251908391714096,60,47499,,,,,
-0.02523031085729599,60,47549,,,,,
0.02016029879450798,60,47599,,,,,
-0.37473154067993164,60,47649,,,,,
-0.12903434038162231,60,47699,,,,,
,60,47701,-0.1727679967880249,0.7751254439353943,1.2424626350402832,0.13819999992847443,
,60,47701,,,,,-0.20131029188632965
-0.36964187026023865,61,47749,,,,,
-0.1598491668701172,61,47799,,,,,
-0.37210047245025635,61,47849,,,,,
-0.11101847887039185,61,47899,,,,,
-0.08206058293581009,61,47949,,,,,
-0.27384984493255615,61,47999,,,,,
-0.10501676797866821,61,48049,,,,,
-0.4387986958026886,61,48099,,,,,
-0.17452578246593475,61,48149,,,,,
-0.2654666304588318,61,48199,,,,,
-0.22847610712051392,61,48249,,,,,
-0.24436508119106293,61,48299,,,,,
-0.23651783168315887,61,48349,,,,,
-0.3878212869167328,61,48399,,,,,
-0.09684496372938156,61,48449,,,,,
,61,48483,-0.17250867187976837,0.7742263078689575,1.2420185804367065,0.13886666297912598,
,61,48483,,,,,-0.20132139325141907
-0.27444377541542053,62,48499,,,,,
-0.33820217847824097,62,48549,,,,,
-0.3893226981163025,62,48599,,,,,
0.11296886205673218,62,48649,,,,,
-0.19453725218772888,62,48699,,,,,
-0.4412071704864502,62,48749,,,,,
-0.24492760002613068,62,48799,,,,,
-0.09373354911804199,62,48849,,,,,
-0.0844137892127037,62,48899,,,,,
-0.19935625791549683,62,48949,,,,,
-0.07521684467792511,62,48999,,,,,
-0.2482108324766159,62,49049,,,,,
-0.1507527232170105,62,49099,,,,,
-0.242026686668396,62,49149,,,,,
-0.37123945355415344,62,49199,,,,,
-0.25609448552131653,62,49249,,,,,
,62,49265,-0.17250476777553558,0.7754912376403809,1.2441002130508423,0.1395999938249588,
,62,49265,,,,,-0.2011290043592453
-0.1445745825767517,63,49299,,,,,
-0.18304115533828735,63,49349,,,,,
-0.17212411761283875,63,49399,,,,,
-0.10158620774745941,63,49449,,,,,
-0.15905499458312988,63,49499,,,,,
-0.22139163315296173,63,49549,,,,,
-0.2029736340045929,63,49599,,,,,
-0.23814494907855988,63,49649,,,,,
-0.13553212583065033,63,49699,,,,,
-0.11849327385425568,63,49749,,,,,
-0.045656394213438034,63,49799,,,,,
-0.19325652718544006,63,49849,,,,,
-0.21938396990299225,63,49899,,,,,
-0.1607777178287506,63,49949,,,,,
-0.3201019763946533,63,49999,,,,,
,63,50047,-0.1728968620300293,0.7744981050491333,1.2432650327682495,0.13920000195503235,
,63,50047,,,,,-0.20113271474838257
